#mass,x,y,z,vx,vy,vz
#(1.98892e+30 * system.get('S.I.').base('mass')),(3.08567758128e+19 * system.get('S.I.').base('length')),(3.08567758128e+19 * system.get('S.I.').base('length')),(3.08567758128e+19 * system.get('S.I.').base('length')),((1000.0 * system.get('S.I.').base('length')) * (system.get('S.I.').base('time')**-1)),((1000.0 * system.get('S.I.').base('length')) * (system.get('S.I.').base('time')**-1)),((1000.0 * system.get('S.I.').base('length')) * (system.get('S.I.').base('time')**-1))
#MSun,kpc,kpc,kpc,kms,kms,kms
0.649103563705,0.0919266150563,0.132399418223,-0.33666364296,-133.442681623,83.1346089274,103.867642213
0.108486393398,0.0976089338679,0.131107663231,-0.339359083509,-133.605333707,83.1308111153,103.041615154
0.100733379279,0.0939107494962,0.133992212984,-0.337850364906,-133.587636672,82.9827183016,103.495502383
0.25752636915,0.0900425598714,0.130929685128,-0.334939665728,-133.651578277,83.0459148446,103.688043991
0.106394975224,0.0934592802514,0.135941350879,-0.339634059653,-133.212191055,82.9596802374,103.676264021
0.146353430016,0.0915051973274,0.130562117014,-0.337015594783,-133.386362468,83.1153487789,103.741312068
0.103287681567,0.0956103755797,0.129075544131,-0.338796583746,-133.699882661,83.0883537766,103.277054426
0.133903376048,0.0908581600732,0.135747882233,-0.338745496486,-133.639028158,82.5349569245,103.44264108
0.117607314145,0.101203581271,0.135215907715,-0.338369541462,-134.292701584,82.8727810046,103.195904261
0.279287647156,0.0861045499565,0.130158134905,-0.335906005433,-133.143671508,83.2820647953,103.856168815
0.125686555419,0.103129911843,0.134167153715,-0.338099858936,-134.081868048,83.0569440594,103.031944598
0.104306551423,0.0956563309663,0.136635936109,-0.337609463261,-133.646565573,83.0191370042,103.346508766
0.183103237199,0.093229094022,0.135062873271,-0.338072831124,-133.627001502,82.6917764261,103.417977719
0.36836359445,0.0982880385241,0.137114868483,-0.339448726424,-133.94508943,82.5836332117,103.263057256
0.475334000857,0.0863429460245,0.138682501975,-0.337303902486,-132.993051596,82.3310269943,103.900321598
0.123827743532,0.0917796782713,0.134144312857,-0.342372537728,-133.2639955,83.04163483,103.346466545
0.212798902205,0.0925199126243,0.135546452615,-0.337639435901,-133.405091894,82.774062569,103.689770902
0.170643286847,0.0966853246463,0.132141641256,-0.337216129616,-133.652402907,82.5526827416,103.277668064
0.166583414205,0.0920903015046,0.137861992938,-0.338935327715,-133.67822456,82.6331569867,103.842472631
0.135942193144,0.0928721522766,0.132452210247,-0.337073798279,-133.829751118,83.3840233918,103.489845473
0.41232237135,0.0980463381881,0.13721729638,-0.335335265152,-133.927759116,82.6152420363,103.387411057
0.379430308247,0.0942716922195,0.137061863943,-0.337208958445,-133.705914038,82.345357513,103.330074463
0.10601308489,0.0978182738024,0.133968174461,-0.336911716849,-133.911490813,82.8275626083,103.30536188
0.183880748754,0.092940356127,0.134453517787,-0.340830780874,-133.44001224,82.6690126525,103.549209542
0.216275305485,0.0980090202914,0.135293357391,-0.340644598642,-133.473220641,82.8652224031,103.222391547
0.14381261195,0.0941108680199,0.131643131401,-0.336479273046,-133.751651666,83.2339356938,103.449444584
0.425082982882,0.0848361495484,0.139936194919,-0.332947955753,-133.150298831,82.1646631123,103.812820521
0.520695836127,0.09941880095,0.130078950659,-0.337639141987,-134.185867616,83.1534431311,103.362749289
0.76390656344,0.0885519757271,0.135305642943,-0.339266776417,-133.060956771,82.6940013601,103.911995665
0.266108312905,0.0968200517095,0.134666325352,-0.335562052586,-133.619106032,82.7046016698,103.812290319
0.102571779203,0.0951050861673,0.128731588474,-0.341632818915,-133.423602812,83.433189402,103.369031907
0.306309466848,0.100866865599,0.131976776729,-0.337482993285,-134.153282133,83.3262762211,103.201285702
0.157378587433,0.0940548957122,0.136696931616,-0.338819378085,-133.313850528,82.5236347945,103.172206245
0.263709912182,0.0967000242548,0.131359688792,-0.336348560714,-134.192133754,83.1144806959,103.054091237
0.161465909492,0.0920741299903,0.133355112187,-0.330379636507,-133.713274117,82.8715653812,103.851502815
0.117882243861,0.090815824894,0.139390343056,-0.336008742557,-133.339054135,82.3871243422,103.482183623
0.182575377944,0.101196461373,0.135801582437,-0.33586091431,-134.460712012,82.8910965474,103.261957557
0.140709698088,0.0969005227353,0.134886381445,-0.332886217747,-134.081133586,83.0278288949,103.42856894
0.119440388807,0.100710678113,0.13388177345,-0.335440268259,-134.334857948,82.7417997007,103.223329773
0.264756129103,0.0924330026791,0.132995149725,-0.342437832975,-133.420905494,82.9151809329,103.558847706
0.216426607124,0.095173104609,0.132513768927,-0.337662402988,-133.598081244,83.0014735786,103.799113642
0.103538318004,0.0919989839791,0.130908210304,-0.339178166594,-133.534828812,83.0139305367,103.868265409
0.295091382216,0.095056158341,0.137945113365,-0.340218414615,-133.308586874,82.889840227,103.159926962
0.192719477831,0.0979766930084,0.133763778876,-0.337158062185,-133.971554837,82.9234132207,103.382907781
2.75267254493,0.0955752969117,0.134153077714,-0.331102319691,-134.176983034,82.7034201502,103.38269059
0.175946734275,0.0891313618135,0.131177020623,-0.333928576703,-133.2477742,82.6659242775,103.784867791
0.1914899753,0.0912827709776,0.134107048336,-0.339059616839,-133.285390953,82.8404575803,103.576409686
0.161896864223,0.0952072628128,0.133107871509,-0.337686777665,-133.957139276,83.2680398101,103.544255797
0.102883336539,0.0924528607879,0.129961294727,-0.337407637318,-133.606796838,83.2489939462,103.347565166
0.213294708401,0.0915945409708,0.131593332377,-0.335955866954,-133.407939449,83.1638118852,103.957518695
0.166523143774,0.0935590234276,0.138527009619,-0.338149289959,-133.84815508,82.6302146455,103.298998253
0.126087011097,0.0940833934777,0.135869054792,-0.337490725626,-133.959942651,82.8395490034,103.420886857
0.105089558912,0.0938755652829,0.132606596001,-0.338629710871,-133.574913476,83.0432151558,103.249960866
0.418073607244,0.0983870448428,0.129035935273,-0.333310726688,-134.030253788,83.0623035655,103.404593704
0.411492807451,0.0882424536842,0.130029860116,-0.339390612071,-133.084107778,83.3335613334,103.680647256
0.152366607387,0.095846605853,0.136457871621,-0.339453225728,-133.390133123,82.5578103115,103.294893665
0.339537955272,0.0973221855029,0.134230595324,-0.341168175673,-133.706252776,82.6159465225,103.320106504
0.217145317899,0.0990769347346,0.131414403032,-0.339121324816,-134.060199871,83.0423914733,103.464184215
0.188302550582,0.0930061725833,0.133232815006,-0.33992435441,-133.402678796,82.868128796,103.740348714
0.14397727787,0.0911964370294,0.128729375266,-0.333425508197,-133.833925286,83.2725467383,104.041265136
0.294665493522,0.0950045503574,0.134152456705,-0.337867967215,-133.876682,83.0737175035,103.372209599
1.68881576547,0.0908862982258,0.131665994047,-0.335714267947,-133.338034761,82.9550245416,103.604802005
0.238180065714,0.0951559032295,0.13379103406,-0.339863078847,-134.043945179,82.9117818249,103.489978708
0.154777853977,0.0945574044032,0.127675522828,-0.340057333751,-133.472775055,83.5228111637,103.711136893
0.196444476822,0.0922281278589,0.131108411033,-0.332600149202,-133.867711978,82.8645628568,103.61170149
0.105258878878,0.0910944975241,0.136684219284,-0.33080164473,-133.873193342,82.4838563448,103.789683296
0.121389763538,0.096611406516,0.134980969131,-0.337988896862,-133.761044939,82.9948791834,103.057418324
0.238922519245,0.0939273492559,0.13040417796,-0.330093655605,-133.966575487,82.7110643681,103.801845087
0.15082108542,0.0957608518671,0.125508684938,-0.334897844865,-133.908670646,83.3385083709,103.738188735
0.176000363047,0.0950918401379,0.131223373407,-0.338178996695,-133.865846387,82.8782857531,103.236577329
0.755562302317,0.0926297084444,0.132668367044,-0.338329147416,-133.797156554,83.0260984032,103.898772691
1.69623829982,0.0965696992263,0.141377931961,-0.339268651847,-133.751983428,82.3585834518,103.145277852
0.184437065644,0.091074557043,0.130643673475,-0.338061717988,-133.808067184,83.0585378124,103.520811621
0.137380552766,0.0927965884529,0.137554143722,-0.33846820648,-133.396188399,83.0002331825,103.499834036
0.117016466516,0.0900528727732,0.131865769383,-0.334859488293,-133.660263742,82.8773735166,103.617051267
0.193281461189,0.0987067736882,0.129313399943,-0.337462916015,-134.093086993,83.3456220771,103.042081518
6.54007561288,0.0898512652822,0.133909837753,-0.330664684059,-133.651522804,82.7263157787,103.993558288
0.22310065303,0.0922142676709,0.13242485747,-0.339508021562,-133.828773184,83.0843671891,103.836549406
0.102852726717,0.0965254987515,0.13160944805,-0.341258982585,-133.613795511,83.2263492984,103.576330725
0.264863095186,0.0910167342734,0.135046760777,-0.337633951988,-133.4864865,82.8208879282,103.530829904
0.216240122829,0.0950248231501,0.139200956327,-0.335875510577,-133.691372866,82.5338966249,103.558005294
0.166732708643,0.0988784366433,0.129693433037,-0.334565780016,-134.402700441,82.9317773357,103.423645321
0.139505469679,0.0955960762571,0.130494725884,-0.33857056777,-133.490917234,83.0593070468,103.43454832
0.11461529327,0.103398350154,0.131094490197,-0.339034672188,-134.411595472,83.2237848439,103.151072937
0.135933906929,0.0985808074464,0.133443799806,-0.33391133581,-133.943120264,82.8886496941,103.095833511
0.105003692636,0.0971695485569,0.138348053822,-0.332973607689,-134.321162813,82.4702951394,103.162744421
0.136152807138,0.0951972669895,0.134638913217,-0.337575991265,-133.551990691,82.7678599628,103.255119668
0.203169354792,0.0916913380166,0.13566592808,-0.338502106098,-133.416485714,82.7139762885,103.546175463
0.23886269052,0.0967104894354,0.13699243589,-0.339533410559,-133.658484427,83.0733049953,102.967906466
0.160777794888,0.0968378507521,0.136333706941,-0.336493069223,-134.075503167,82.3977952014,102.976651021
0.131008619048,0.0942539825583,0.134808853731,-0.338736588019,-133.49285118,83.0315126379,103.669825957
0.469450615504,0.101501112663,0.138121948675,-0.338659079767,-134.126115513,82.4917439076,103.01289045
0.130621381425,0.0975037575399,0.129005291507,-0.335988903627,-133.806983713,83.07349099,103.546414083
0.196183766103,0.0984063685967,0.132308751001,-0.335987911154,-134.346550202,82.8162235322,103.471837025
0.109722071176,0.0994560063184,0.137119077731,-0.335940548229,-134.247265467,82.8327675867,102.968502884
0.149576642404,0.0929216914334,0.13597374943,-0.338094488432,-133.792846205,82.7966040784,103.913069355
0.117336858461,0.0976583040126,0.134451877349,-0.332725451698,-134.538297151,82.6889613131,103.114337782
0.129644698833,0.0939513475141,0.135205232599,-0.339990799723,-133.455356918,82.8969335907,103.731553359
0.305637585417,0.0876809401156,0.139382449106,-0.332097063938,-133.279049649,82.348073279,103.757706054
0.104804772987,0.0981215539246,0.130098108562,-0.34025586534,-133.827297465,83.6080127602,103.524587521
0.131991837341,0.094888300878,0.137984086971,-0.32842397031,-134.14319104,82.3491817347,103.397289561
0.281306827679,0.0992475426548,0.1319340347,-0.334838810209,-134.026081521,82.9822470427,103.524452994
1.13253632334,0.0955726768417,0.137654735607,-0.340264543039,-133.338660798,82.7660376226,103.238135631
0.171678305846,0.0977647536222,0.133923607124,-0.336430470658,-133.779059664,83.1832108969,103.647488411
0.185118849267,0.0983264176224,0.137037538892,-0.33098865384,-134.349435023,82.5241231086,103.344681973
0.201712649723,0.0948439126248,0.133288047169,-0.338197167229,-133.794360123,82.7756681273,103.17015444
0.168908909013,0.0967865687001,0.131047623577,-0.337110184409,-133.637113673,83.1329492723,103.613874842
0.574888060958,0.0944049822576,0.132431961624,-0.338549480978,-134.275538192,82.9779717801,103.465949896
0.114221384865,0.0955174150424,0.139108511097,-0.334743032359,-133.840408183,82.3669879547,103.297741019
0.145416723352,0.0946037068016,0.127504458822,-0.33406391864,-133.966265221,83.2895943374,103.877284718
0.573313978786,0.0948459692247,0.129045228602,-0.334712917069,-134.107537252,83.3608173745,103.652933452
0.100257114391,0.0922516333406,0.132029032446,-0.3299188134,-133.793510825,83.1154605848,103.814553314
0.1897135279,0.0928748736231,0.132225585586,-0.33750401899,-133.189971116,82.9767232288,103.630808527
0.120147819239,0.0988226113101,0.133798057066,-0.33926786321,-134.175039045,83.1234682167,103.272626201
0.861712888745,0.0944034753072,0.128867683647,-0.336962224308,-133.687079772,82.8293938568,103.545038496
0.100041326368,0.0966288738587,0.131179971071,-0.340265371903,-133.635665553,83.4165037457,103.435512269
0.146827432103,0.0936451739032,0.132383520977,-0.337624498649,-133.324475295,82.9581708369,103.425583997
0.173539404536,0.0898856402532,0.136118460879,-0.336252119947,-133.45799639,82.7028740257,103.504429082
0.111473258663,0.0947829790192,0.135026051791,-0.338669111006,-133.720982307,82.5597349113,103.5318634
0.555437854558,0.0890651851108,0.131700158938,-0.339246830542,-133.130987705,83.265993631,103.614165364
0.148688997111,0.0956493639886,0.133077729159,-0.331036084952,-134.04678862,82.4523443582,103.396770495
0.389371703265,0.0893848101551,0.137870181151,-0.328063812389,-133.752904851,82.2090605243,103.825469434
0.169958471427,0.0894822806824,0.135437967084,-0.335286829786,-133.757212179,82.6809946268,103.976597777
0.113772483982,0.0909069477646,0.136068799803,-0.339086120378,-133.215802018,82.4951866388,103.628553681
0.148548408699,0.0969130769211,0.135591920074,-0.335941644986,-134.466496477,82.4749871915,103.327207057
0.156510833199,0.0961309022748,0.13210555949,-0.340583204513,-133.729069888,82.8544426382,103.142586789
0.119409342638,0.0945533443717,0.13349418564,-0.337254257875,-133.635617456,82.8260493466,103.547713736
0.102939251826,0.0905991771042,0.135210982793,-0.330798235558,-133.871669662,82.5764188262,103.924910817
0.117054540469,0.097831197376,0.13256207116,-0.335194774802,-133.879634571,82.9919261602,103.449697048
0.847138939458,0.0923810638166,0.129635405585,-0.336262242083,-133.495120586,83.2576271621,103.634399931
0.117757313898,0.0969423930306,0.134528989752,-0.3386194627,-134.042202091,82.5792586115,103.05671925
0.140890748586,0.0947493678686,0.13244546221,-0.330425737227,-134.26893829,82.5445545948,103.584377059
0.116560767378,0.0927017140986,0.130918911609,-0.333243706312,-133.770807521,82.9837586111,104.025688715
0.238893953151,0.0924060010609,0.136317818674,-0.340464133751,-133.09701793,82.7209817425,103.618183718
0.141822741588,0.0943126139215,0.13701389323,-0.33840870319,-133.664484748,82.8775350156,103.47596557
0.100237354943,0.0945279929357,0.13222540408,-0.339642643604,-133.663135118,82.8938317249,103.897887935
0.109805661693,0.0953638157961,0.135723762062,-0.339226153058,-133.749771533,83.0149038814,103.382635953
0.141581545733,0.0904064901236,0.140056944397,-0.33159769291,-133.490435204,81.9590832378,103.549185179
0.113670771847,0.0950741551264,0.133707098108,-0.33843477487,-133.457845344,83.0598651004,103.614728175
0.161189379432,0.0961171709987,0.134234414636,-0.338792515406,-133.854042849,82.8455832535,103.269035901
0.143690933935,0.0916005185032,0.134132398337,-0.338116295345,-133.874535489,82.9186172992,103.539196172
0.325764329512,0.0918603039215,0.132361232914,-0.337351889274,-133.63750555,83.0045200991,103.55685804
0.297689196333,0.0929649718109,0.129402984222,-0.331842387758,-133.920277508,83.0471703755,103.927130176
0.150580189722,0.0898274551289,0.135335414896,-0.331526306552,-133.588948115,82.815829884,103.944358978
0.114353264756,0.0952273214377,0.135804070665,-0.336873276184,-134.105718473,82.8572331074,103.488775051
0.149472286022,0.0971069625922,0.134717944279,-0.336563627646,-134.201485758,82.4851832591,103.227539697
0.106910874351,0.0901432563079,0.138124873404,-0.328478114012,-133.698057406,82.1308804731,103.808879838
7.17456218818,0.0962985998176,0.130494412078,-0.336700595578,-134.136503165,83.1928473873,103.248503385
0.348947626752,0.0937643875514,0.137886170701,-0.341612842469,-133.396407955,82.6994329909,103.537553551
0.107751728666,0.0915929799349,0.138931435047,-0.339030928011,-133.140641999,82.6227924799,103.635728543
0.327492437693,0.0940223188137,0.133285047411,-0.337869056034,-133.796445042,82.5049161049,103.816024689
0.428786715317,0.0915775052017,0.13254664777,-0.337978486141,-133.472046196,82.6117200681,103.343435583
0.129654033665,0.0889158218661,0.135412909058,-0.33945132884,-133.266299183,82.7377547787,103.799814421
0.213893612904,0.0890001361643,0.130316766528,-0.335624785824,-133.260045451,82.8844414198,103.909914004
0.146980599716,0.0950917376007,0.129164682179,-0.338441259769,-133.717595625,83.3161134011,103.331217725
0.203721920363,0.092363093347,0.135194223838,-0.341057061259,-133.146472089,82.8799423982,103.507338725
0.46840034533,0.092050848729,0.128931832738,-0.332532687321,-133.852257077,83.1360779443,103.497700051
0.382505899404,0.0978833320027,0.137752114626,-0.341311326741,-133.609029226,82.5398170119,103.087088639
2.55844062867,0.0922639499096,0.132714453045,-0.342097293825,-133.512572567,83.1054288377,103.563548788
0.121494389155,0.0959415525061,0.13544966372,-0.338596199246,-134.16732993,82.9634000056,103.26139197
0.107721360724,0.0943732552101,0.138811745141,-0.334908814711,-133.570024067,82.4905502798,103.534029037
0.273197481548,0.0948294504296,0.127061536983,-0.338882011929,-133.815196726,83.4709184445,103.501138246
0.10398756953,0.0972263586947,0.137706927345,-0.337248539863,-133.745848559,82.6185644048,103.281526805
0.131958333054,0.0937093929543,0.130558049485,-0.340333796978,-133.394123221,83.1894196459,103.512645619
0.145247795153,0.0941804137771,0.140120300431,-0.338446418418,-133.317331721,82.4147807868,103.376222353
0.668744813368,0.0924359978571,0.133266907693,-0.340107190086,-133.442240753,82.995121336,103.301422922
0.103209724283,0.097817954282,0.13447544279,-0.335293103682,-133.95428452,82.6391652886,103.498116628
0.364522409068,0.0899711620536,0.1373331256,-0.337331243356,-133.469451881,82.4932225451,103.600520616
0.227623183361,0.101459640966,0.131497464884,-0.340689230554,-134.024318513,83.2662158354,102.972314116
0.104262988609,0.0951641615645,0.134925457878,-0.339941552171,-133.715063222,82.8566224947,103.528497498
0.328338565262,0.0902863094494,0.133011417465,-0.335533262931,-133.272184035,83.1420346555,103.651408044
0.11518168187,0.0967058174144,0.130855091205,-0.33980214006,-133.582638697,83.1437777285,103.395707078
0.29740000018,0.0885893518482,0.135736107924,-0.332985297504,-133.535798397,82.7949141503,103.868951484
0.221182508387,0.0927129791556,0.132545938163,-0.341402738229,-133.639599712,83.189696164,103.600065231
0.356424949145,0.0903111896333,0.131734788365,-0.341531352703,-133.276026573,83.2496300063,103.737588626
0.200680981365,0.0954568578772,0.142084454595,-0.339578543893,-133.657948247,82.1536278807,103.2616939
0.992093619619,0.0994679039739,0.130782822391,-0.336474293148,-133.983533095,83.2411448058,103.043031971
0.100129423659,0.0976401534175,0.13454573457,-0.331930324361,-133.896479895,82.7586298306,103.539746501
0.12824549426,0.0925510192829,0.138444610113,-0.33852955727,-133.627474017,82.8831809228,103.497466399
0.178351863985,0.0883573747302,0.137704096932,-0.339201745549,-133.056516194,82.674854413,103.524144589
0.261373067262,0.0973269417589,0.139389448789,-0.338609291005,-133.83450643,82.6197025536,102.974709218
0.103073252842,0.0946794917076,0.134480805485,-0.338184235432,-133.555111754,83.3841907009,103.504821137
0.165951850479,0.0941291856486,0.132043967358,-0.331474653961,-133.800055128,83.0419140492,103.548252699
0.108152106717,0.0908164847661,0.127409476183,-0.33465344379,-133.414131976,83.2778879637,103.959783545
0.125750104391,0.0945568955298,0.134097408666,-0.337411340407,-133.728868781,82.5811926653,103.791046909
0.104273662273,0.09424028126,0.138365861459,-0.336038900807,-134.041842174,82.7769383843,103.56975474
0.128480472888,0.100660837486,0.132616738253,-0.333481178537,-134.232665139,82.7163846461,103.389603472
0.179888720585,0.0951894339001,0.131525673928,-0.337953437129,-133.791601615,83.366022988,103.010245241
0.232460022047,0.0921899030505,0.127521930067,-0.332735725344,-133.933939234,83.3270131815,103.621206276
0.234932490026,0.0947705786818,0.138293353836,-0.332701158453,-134.182247207,82.2893259929,103.480185638
0.111880809273,0.0950148742549,0.134407344665,-0.339860888879,-133.365107908,82.9799614719,103.534642042
5.56107905066,0.0943594942038,0.1344418508,-0.339389136122,-133.478172302,82.6943616426,103.594911297
0.100310944009,0.0931134270919,0.131172726258,-0.336559974041,-133.529139763,83.5427430129,103.829726032
0.118829888414,0.0985548110802,0.139139457435,-0.334286560824,-134.034141727,82.2693057189,103.172656894
0.402740749165,0.090849710049,0.130786527269,-0.338691678948,-133.489254623,83.1647130736,103.811342681
0.291430345938,0.0975058961452,0.13809921188,-0.338668691483,-133.892875106,82.7505825525,103.242452628
0.334393027433,0.0962516013968,0.136048255107,-0.33534460144,-134.011211834,82.5595200752,103.600633116
0.18117714695,0.0917259438435,0.131345026933,-0.335816463829,-133.663821696,83.0943375966,103.834003042
0.114947612229,0.0933926011052,0.137252237616,-0.331611618883,-134.033488915,82.1010431854,103.605926157
0.462338048393,0.0918717002941,0.131655869995,-0.330502416325,-133.879727971,82.6818109754,103.802348508
0.129143090827,0.0947273126905,0.137422914981,-0.336370569537,-133.768942799,82.5756230647,103.515378444
0.139805072249,0.0914653629445,0.133714180633,-0.337737770201,-133.547946878,82.9294018873,103.974383332
1.33829045217,0.0980082977094,0.133155538005,-0.338491879532,-133.896127926,82.7716135493,103.146133342
0.131601465389,0.0958792972578,0.131889781008,-0.339088429219,-133.766673397,83.3689522803,103.409343237
0.107942863822,0.0938155130814,0.135086783736,-0.337955232919,-133.713141284,82.9790986183,103.652415897
0.122420347129,0.0877985824572,0.131387678308,-0.337464231181,-133.337936653,83.0201598884,103.604419001
0.110918222488,0.0934969367817,0.133296074868,-0.337684847337,-133.337633117,82.4426014422,103.781375755
0.342120542385,0.0957329856119,0.129715393325,-0.338474322771,-133.716366942,83.2038125687,103.245285301
0.108294297707,0.0874178830506,0.135835524347,-0.330182165372,-133.487453276,82.5624752666,103.972321133
0.106451106385,0.0958594177977,0.133157727632,-0.338156430896,-134.001736435,82.8030322157,103.723427822
0.181822957441,0.0893009866737,0.13460003522,-0.337243843981,-133.248330996,83.0179193398,103.944133003
0.363712725901,0.0957851338506,0.135621904076,-0.339349415866,-133.882255375,82.8187115639,103.611831505
0.144123357878,0.0979013644374,0.136094910581,-0.342470108542,-133.53675808,82.6990597537,103.286061455
0.663782679557,0.09236740355,0.128281907808,-0.332734347475,-133.606498275,83.3601307569,103.814100837
0.114904480701,0.0964212743655,0.12965072487,-0.337386855896,-133.887168175,83.147365383,103.257719186
0.158551149804,0.09738039722,0.132248848135,-0.336828437204,-134.056653761,83.4247615315,103.336364274
0.922153811086,0.0918737514119,0.140180315824,-0.335154272907,-133.608646479,82.0143127626,103.628924999
0.285632085964,0.0928369528736,0.132302046092,-0.340474934184,-133.249853371,83.2826196869,103.587170024
0.187873650999,0.0901140746721,0.139632955291,-0.338071434867,-133.296881762,82.1114197192,103.498018696
0.117321796016,0.0894003627405,0.136465930095,-0.333480258442,-133.576736523,82.6755583594,103.908425984
0.150645523543,0.0961066184417,0.130146664735,-0.338766904049,-133.543782114,83.0932884706,103.372140448
0.150785344141,0.0923091710154,0.131445217719,-0.33618454494,-133.561238606,82.9205438749,104.020386474
0.347101856418,0.0984931294273,0.131550277494,-0.329936419694,-134.405856217,83.0167113459,103.389419565
0.329726158611,0.0913895383295,0.138770937741,-0.336567066249,-133.486657838,82.7630171553,103.459354239
0.147582420966,0.0976138405065,0.127695198944,-0.340811551457,-133.95297643,83.3806424609,103.213081763
0.165153685919,0.0977330871357,0.135194522055,-0.330755066767,-134.507227537,82.3921162522,103.206046618
0.330182664604,0.0951333676726,0.132194544039,-0.336648638985,-133.5639121,82.651102177,103.326441366
0.272617968055,0.0967004384923,0.134575384742,-0.336358994061,-133.577301876,82.8382581092,103.582124072
0.119339574225,0.0930904727416,0.128795529269,-0.333283516861,-133.716852578,82.9929970609,103.486017572
1.44591800722,0.0915457747772,0.129876815963,-0.331600073587,-133.881361431,83.2281023094,104.058232562
0.15633835274,0.0963627918431,0.140455809852,-0.33913347145,-133.552722918,82.2446215221,103.179854883
0.110460169513,0.100683854935,0.137706068647,-0.335145172573,-133.993035837,82.4433877786,103.271089438
0.130768702448,0.0945682158628,0.133282995697,-0.3379617761,-133.715417303,82.6149725253,103.322240685
0.449418110455,0.0957856152373,0.128810704369,-0.334706751147,-133.94983487,83.0410391998,103.706705181
0.102403492879,0.0902219185055,0.137051197067,-0.337140543072,-133.5973726,82.5655134383,103.715256652
0.34494568467,0.091658217276,0.130442692436,-0.334270178965,-133.584373247,83.3592346919,104.059697002
0.22557068569,0.0899445105324,0.131906866776,-0.337699542204,-133.346495559,82.6204873466,103.834686303
0.103337368311,0.0923410653522,0.135747146423,-0.339816745025,-133.194849144,82.7113269317,103.836769671
0.157316315447,0.093747265808,0.134975141976,-0.338513771376,-133.183579554,82.980012463,103.551692415
0.10390133341,0.0876552352833,0.132399665307,-0.338324349092,-133.286768421,83.0501933118,103.813811032
0.390461751704,0.0877931692349,0.130246576604,-0.330115503329,-133.715147487,83.0730277478,104.132723189
0.200318388093,0.0949494729736,0.129753643442,-0.333745739377,-133.797982406,82.8278125094,103.617823474
0.918239196141,0.0920098173102,0.134027462116,-0.338716684045,-133.432748761,83.0835892473,103.237263934
0.907699619384,0.0965370368677,0.138030462907,-0.342306408024,-133.576240147,82.6087347088,103.387073439
1.49461777997,0.0920723374667,0.132907623311,-0.338422392244,-133.437486576,83.4048288015,103.6800209
0.115044988355,0.101094878816,0.135287395935,-0.337843359767,-134.191354267,82.7890718399,103.089116772
0.117868275644,0.0947366198105,0.13148297999,-0.337966972502,-133.510153289,83.0824239174,103.324029121
0.287640355569,0.100596203795,0.135270521176,-0.333623886194,-134.146788596,82.9676474399,103.293096994
0.163809348061,0.0904752186253,0.131516474064,-0.335702110865,-133.38616455,83.3990088325,103.51116246
0.142769740027,0.092424749614,0.137956641588,-0.338840125433,-133.494072914,82.710984809,103.39394261
0.130764969357,0.0982370734889,0.137657654762,-0.340049193113,-133.891861481,82.6554187852,103.063957837
0.15729054905,0.092104800805,0.138168684077,-0.332753926231,-133.870913219,81.9676073583,103.507031889
0.374838486129,0.102937869315,0.131600930098,-0.337079837954,-134.354831717,83.0648236281,103.146336146
0.304071201201,0.0906707792258,0.132177859389,-0.340059749835,-133.191301232,83.4223476234,103.750934136
0.192037970024,0.0990813978581,0.133762059708,-0.338468312739,-134.210776493,82.7394381544,103.193769065
0.103814981108,0.0989602487552,0.139158817891,-0.337722185099,-133.94079386,82.5072700845,103.353845066
0.11413852056,0.096840753786,0.132581718677,-0.339313175155,-133.957169551,83.186703932,103.561958216
0.176056960908,0.097654793798,0.131975297512,-0.33737658803,-133.71472636,83.0298481222,103.248778552
0.109407235654,0.0922969685682,0.134649216024,-0.337844864819,-133.797206274,82.828591353,103.302898697
0.337551669592,0.0997835666078,0.127063531484,-0.341284236675,-133.86699575,83.6276231481,103.25935549
0.110063326987,0.0941610003028,0.136677823447,-0.336972623627,-133.536951764,82.5575299299,103.416277794
0.149981391636,0.0931749010277,0.130585419023,-0.33838324789,-133.313951509,83.4431492777,103.374046251
0.202806535846,0.098445603149,0.137560584818,-0.3413186718,-133.711402528,82.7920373045,103.215108444
0.172160245244,0.100630958166,0.133327181381,-0.336785799948,-134.217472864,83.1178512388,103.046690314
0.240747977637,0.092913038174,0.129891983387,-0.333741281763,-133.949085264,83.2458122239,103.89156775
0.25786112888,0.0903914685167,0.132676686702,-0.329093818983,-134.123884464,82.8566156285,103.816021858
0.148003873315,0.0973878540384,0.127311892423,-0.338976600494,-133.776673796,83.42942865,103.427853049
0.170757997063,0.0945523794861,0.131478367469,-0.340386593289,-133.641093958,82.8105867909,103.761149743
0.138461355424,0.0943902884485,0.13316766815,-0.328751340906,-134.224896646,82.6755654455,103.683477574
0.121439401803,0.0948000920331,0.134997072525,-0.338378821583,-134.010990558,82.990272148,103.475497837
0.114517079127,0.0953291481161,0.135008748963,-0.337865880273,-133.852481457,83.1105701324,103.579283115
0.118684794011,0.0940791667445,0.136692977236,-0.337402476652,-133.393469578,82.760531124,103.465843761
0.222530863165,0.0928943589596,0.135032042119,-0.342194572299,-133.469118027,82.6053062137,103.699252699
0.275817485217,0.0937474897956,0.130740351639,-0.337888256686,-133.998605138,83.2190810504,103.513992367
0.17265139516,0.0949946437238,0.13482657789,-0.338701112029,-133.558140277,82.8649113728,103.352810313
0.131182750255,0.0978765086184,0.132663720747,-0.334253564642,-134.107126734,83.2045507791,103.475000677
0.108471045052,0.0980553315079,0.136669204928,-0.339509048003,-133.790829163,82.715850818,103.357499824
0.122690384855,0.0921702649034,0.132307204529,-0.33747656481,-133.490115136,83.0785614664,103.786514546
0.122921243179,0.0923901259357,0.134456354713,-0.338441710429,-133.134684771,82.5680377877,103.341819195
0.160134362293,0.0965596510122,0.133746128015,-0.337187339272,-133.7225538,82.4935830505,103.111022389
0.179525472062,0.0914132121007,0.133115554175,-0.338032761507,-133.522166214,82.6107340647,103.645656651
0.532490377516,0.0975633663689,0.134696175856,-0.331467744979,-134.052312204,82.6471963893,103.17087432
0.153999239916,0.0956780388399,0.128452920581,-0.336794879514,-133.691614753,83.4432439076,103.627691404
0.124447459967,0.0963881222317,0.129327767569,-0.335993594909,-133.959819139,83.4336272301,103.80798001
0.153228918953,0.0916178229266,0.130467360529,-0.33691269191,-133.887390832,83.3643988627,103.906157267
0.427634873022,0.0968416484817,0.131848324025,-0.339930347736,-133.906937878,83.1491766448,103.185565919
0.141682939001,0.0951663533815,0.131455640027,-0.334284268609,-133.916688913,83.4321697754,103.54735811
0.249208847596,0.0911795944187,0.131952562544,-0.336619313697,-133.377645592,82.6434217778,103.559169587
0.436368877763,0.0953001805874,0.132638791644,-0.336388886457,-133.854633121,83.1884322179,103.720791736
0.404929896574,0.0900299534481,0.133268509115,-0.335785635056,-133.604606582,82.8003271561,103.47848448
0.191581866576,0.0963500240366,0.12962248936,-0.34006894851,-133.704868859,83.146839525,103.707879605
0.127972157227,0.0907106819025,0.12909565186,-0.328858269079,-133.869748583,83.1094417577,103.989312478
0.18302557298,0.0992200412384,0.134121489437,-0.333917163341,-134.478436343,82.6675216365,103.153255906
0.291060472734,0.0905142178546,0.137950809331,-0.337910447653,-133.319046907,82.7835247552,103.55362776
0.503954947723,0.0973412370921,0.13032080626,-0.340117895252,-133.960741567,83.3566705312,103.333165137
0.124935262104,0.0940069388817,0.130247473218,-0.336337946493,-133.381501938,83.3048808652,103.79851173
0.152206875284,0.0857843404089,0.13208614514,-0.336887464508,-133.094204217,82.8829739507,103.805801589
0.510360912592,0.0978061062851,0.132879672271,-0.333363427918,-134.314272693,82.9927618123,103.588047175
0.265914962053,0.0930448701385,0.136259696238,-0.337348366643,-134.022742651,82.9050189383,103.706116908
0.414511440794,0.0955063081771,0.131250733265,-0.335008402632,-134.080333961,83.0845322234,103.803527416
0.224016460265,0.0919250201338,0.134502499274,-0.33811374744,-133.194671425,83.1862257837,103.464752247
0.269659190771,0.0968834152919,0.132346507622,-0.340678329341,-133.471184282,83.1449002595,103.054054023
0.136828467808,0.0931653277919,0.139772383695,-0.331495551002,-133.961484175,81.992005664,103.442764492
0.171203509843,0.0934992002093,0.128287441299,-0.334569032611,-134.111007409,83.1055946548,103.607455434
0.122468661276,0.098319463303,0.131810501674,-0.335896846064,-133.754862296,83.0501329842,103.719278224
1.61693792142,0.084738064346,0.136056856692,-0.333612823663,-133.324592727,82.476041972,103.920367588
0.221903476336,0.098575755594,0.127600493579,-0.336705329601,-134.20456806,83.3512136185,103.265111735
0.154216518889,0.0906383404084,0.133257515561,-0.338796801422,-133.822741129,82.9727983735,103.702639323
0.116604842084,0.0935228024713,0.140795529964,-0.337228926514,-133.609028518,82.3338551348,103.63745572
0.229428807931,0.0898744105148,0.135841061713,-0.331334502627,-133.875482878,82.5271327628,103.852344721
0.374982300244,0.0954119492091,0.131180569882,-0.335482610022,-133.66663596,83.0091448472,103.390145513
0.107761315583,0.0985962089051,0.136525252897,-0.337323281734,-134.012726927,82.8643664867,103.15009715
1.51765880702,0.0913908491006,0.133838856048,-0.339217842318,-133.306730191,82.9004047543,103.686033669
0.203045129373,0.0964607414606,0.132388538513,-0.336356225939,-133.819577912,82.9816709533,103.756721787
0.169470656343,0.0933607827521,0.134356428704,-0.338411459789,-133.398740877,83.072293898,103.700613811
0.294491165395,0.0954956557987,0.132328546826,-0.336103956272,-133.89853411,83.4563891989,103.651995697
0.300015250955,0.0972490191772,0.133562099608,-0.335938554248,-133.847480451,82.7929492529,103.368109335
0.343459627273,0.095531130415,0.137996686214,-0.337750981003,-133.84472123,82.6193035614,103.431927084
0.315464110429,0.0892055722673,0.133447862802,-0.337374722261,-133.484627731,82.9492915406,103.382660312
0.105901900257,0.093168038674,0.130821576228,-0.3326364208,-134.191875891,83.0671757249,103.467270013
0.105735706971,0.0888622425841,0.131204134676,-0.335596684739,-133.483004985,82.9823707651,103.946301062
0.104546305124,0.0960287439147,0.134369596617,-0.336506709298,-133.57245478,83.1456614965,103.36990404
1.2992817523,0.0959269494493,0.13994417671,-0.335821608229,-133.826411564,82.3863044783,103.394311166
0.133295790574,0.0957951793474,0.131456624146,-0.335686146009,-133.468392233,82.9066751969,103.505216578
0.80413803541,0.0891919910051,0.132807397185,-0.334336453091,-133.327238182,82.9209215642,103.483163139
0.314772920599,0.0936456748285,0.132941167573,-0.339530571667,-133.503281087,82.4765146174,103.645897573
0.15454717466,0.0936264333593,0.139236545434,-0.335564950655,-133.549686428,82.6171808445,103.289237992
0.26882862736,0.0942721216661,0.13635008914,-0.339151000788,-133.360902495,82.4345674812,103.384028553
0.116617508127,0.0895535136901,0.139106755348,-0.331173568456,-133.759224696,82.109897043,103.519385824
1.11729975446,0.0918127546329,0.132879492951,-0.340629627772,-133.378385533,82.9688158792,103.627190982
0.279606234119,0.091419762762,0.13053780931,-0.334136673896,-133.467066663,82.9155811364,103.739383987
0.162781252703,0.0939524090661,0.129432258494,-0.34171498229,-133.68444062,83.1748981409,103.619966901
0.13546882916,0.0923190769602,0.130510497332,-0.33856909476,-133.868985867,83.1166305256,103.414092421
0.118107092757,0.0963450802365,0.135179859569,-0.337646726842,-133.793628172,82.9395962039,103.658994619
0.147175608951,0.088534984223,0.136564632213,-0.335663571245,-133.46003986,82.2179402922,103.759830023
0.743627149428,0.0992085362657,0.137631247475,-0.331660534289,-134.117455445,82.1975250402,103.203813321
0.128141551137,0.0975668830684,0.140147095608,-0.338724544106,-133.683652167,82.5113312575,103.403195729
0.120252314321,0.0923503903507,0.134374863679,-0.341342379245,-133.317441375,83.0369302269,103.671026342
0.288055767714,0.0887851842304,0.129371008104,-0.331242183487,-133.545030634,82.9410188679,104.096614167
0.15930426589,0.0871975764734,0.135943104946,-0.337373496282,-133.087260932,82.5837633795,103.829116251
0.121671537829,0.102339810545,0.136327144996,-0.336552810918,-134.226337146,82.6997380471,102.946995735
0.419711385816,0.0955737566009,0.135677425149,-0.337975877765,-133.958663931,82.8630730739,103.802702893
0.192629734094,0.0940274621327,0.13508889275,-0.338752392729,-133.639674848,83.1931263594,103.562554325
0.398154129892,0.0929009713464,0.13001156431,-0.333941901995,-134.054213428,83.1150477911,103.458425972
0.1492189508,0.0860462964086,0.129220409606,-0.335908797422,-133.13745018,83.2375370456,104.135778654
0.117953152205,0.0954436604788,0.135003881894,-0.342941840436,-133.34107509,82.6200931035,103.165251302
0.238243051046,0.0936343524483,0.132444201559,-0.340062945331,-133.568270783,83.0195943882,103.948663923
0.116101644386,0.0957172013584,0.132185530322,-0.33293753489,-133.932601933,83.1470143115,103.721482255
0.113302036284,0.0982054071613,0.135481546027,-0.334230368567,-134.090876195,83.0445712695,103.406430667
0.118936453835,0.094512820204,0.140689313556,-0.332524564926,-134.093011837,82.2553077658,103.404068382
0.106314365798,0.0986549645052,0.128672671537,-0.336985731529,-134.181743915,83.4047335348,103.455266759
0.104656901783,0.0924210631923,0.136031943921,-0.339270581086,-133.448514557,82.187286312,103.440747674
0.228998832968,0.0968738978843,0.130415618423,-0.337495263392,-133.623690348,83.1559109199,103.635581648
0.169604513568,0.0904213844648,0.131410702369,-0.336488412121,-133.6608236,83.0401963597,103.747168773
0.126382053473,0.091061197074,0.139232078189,-0.334371733203,-133.462554351,82.2203175486,103.490652325
1.18606385809,0.0907164892171,0.12982587143,-0.334699588631,-133.704332836,83.160351156,103.923831974
0.414378125301,0.0946912837112,0.133659879424,-0.338742686047,-133.62032351,83.0630234909,103.809795082
6.39870296289,0.0967670503998,0.137525834289,-0.339474740482,-133.588516584,82.8620235711,103.107287801
0.105251213546,0.097152514698,0.132568676064,-0.336602463371,-133.678874999,82.8547544945,103.260791641
0.173873923045,0.096544221795,0.133150179243,-0.336125597228,-134.138766688,83.2492208761,103.649335436
1.34784366168,0.0948612590509,0.133113182942,-0.337531163266,-133.890704635,82.9488954225,103.448310469
1.06740026083,0.0955168622969,0.13404548885,-0.336853039598,-134.101976723,83.0024173791,103.531250334
12.6731251482,0.0953620199738,0.13306295122,-0.33175643706,-133.80136631,83.0076186254,103.764911353
0.483136883559,0.094336405496,0.133657293237,-0.337315971687,-133.305448164,83.0443735547,103.784355765
0.337315202352,0.0958546619929,0.132593693883,-0.334583889598,-133.381607243,82.9483151086,103.681769521
0.127813265007,0.0957597425591,0.134892923806,-0.332076286567,-133.796046467,82.5542676963,103.284512021
0.60007303648,0.0924528943731,0.132542807198,-0.339229000113,-133.604733468,83.0127438383,103.87842041
0.515991922694,0.0921723167326,0.132825444264,-0.339345026504,-133.665157061,83.25499447,103.820930127
0.158259490417,0.0919186747411,0.136713884807,-0.335070703104,-133.358138351,82.2056135508,103.663492232
0.142921323234,0.0912216644978,0.137256776314,-0.334882123057,-133.493301887,82.3005133504,103.383953262
0.111008344872,0.0949462126414,0.135598492688,-0.33199453193,-134.188397234,82.8968301754,103.671528619
0.339092023463,0.0923196385083,0.131646150555,-0.33350830923,-134.197875549,82.9653039366,103.366457186
0.64384533551,0.0953522344803,0.136198430751,-0.335225575478,-133.793315932,83.0157880534,103.759964928
0.124297731632,0.0960857313416,0.134664191335,-0.335673058922,-134.020986052,82.5869224057,103.32980111
0.13872631538,0.0935943473216,0.135525618385,-0.336614687475,-133.784697586,82.5107428818,103.527325299
1.18419259888,0.0941452060838,0.131633382418,-0.333353703614,-133.981495382,82.9279235292,103.330813699
0.100254844304,0.0927668896581,0.133628475601,-0.33279553449,-133.496035529,82.6581815268,103.731094408
0.149970246272,0.0920237994401,0.133157441139,-0.336833733528,-133.88293747,82.9111846516,103.313208691
0.164798532408,0.0914762422332,0.135410621762,-0.333290179674,-133.700414834,82.6625703258,103.514944155
0.109253631356,0.0937297709155,0.133032324088,-0.333621569656,-134.232568901,82.9608139894,103.615767653
0.192027884066,0.0906398096566,0.134695636048,-0.333901302736,-133.324910231,82.6901168217,103.927995545
0.232142712843,0.094890893094,0.133891170992,-0.331674830342,-134.377027648,82.7953228481,103.368987806
0.139530852247,0.0932489084281,0.136427359764,-0.33630454931,-133.389841738,82.3979281914,103.917344204
1.28431845048,0.0945848627188,0.135569014683,-0.336165664959,-133.53458787,82.6332439283,103.626310845
0.337448942063,0.0919669493895,0.132725655108,-0.336748034474,-133.851177511,83.147628877,103.910853452
0.107122941081,0.0932432575044,0.133284664425,-0.336313405444,-133.828962353,82.9956214107,103.803340985
0.145313722298,0.0925918077693,0.135715518508,-0.331788857216,-133.54209845,82.4884338236,103.665037054
0.110660185209,0.0944828797911,0.135718896723,-0.336515172831,-133.838771928,82.3866485278,103.240022502
0.14072798612,0.0944562742163,0.132369032568,-0.335331123016,-133.736909919,82.8819590672,103.163267309
0.404295711829,0.0916243537084,0.133361576485,-0.333554611333,-133.826368904,83.1876870417,103.726304447
0.134861278035,0.0949190038993,0.13616527579,-0.33541848649,-133.965437631,82.7047747033,103.098216976
0.246884692303,0.0962404848026,0.134133382249,-0.334928200801,-133.547706277,83.1705520112,103.541057669
2.1619301695,0.0929506934678,0.135631319504,-0.336834495483,-133.538529169,82.7563842249,103.433555424
0.381427161781,0.0914120102805,0.136530298098,-0.332606859066,-133.586846042,82.8325124732,103.607841753
0.186974670049,0.0926011186319,0.134669382182,-0.337572334374,-133.335797647,83.336302303,103.59518359
0.289274487757,0.0937744441482,0.134356587025,-0.3374105471,-133.739999107,82.9538740944,103.474050522
0.264567073497,0.094142188749,0.131795234551,-0.334168153959,-133.716542707,83.3887869245,103.728940992
0.452823261073,0.0938630576166,0.132261345588,-0.332562230537,-133.902314682,83.0335061804,103.860706597
0.30647008991,0.0910330501351,0.136182937547,-0.334064596595,-133.590764959,82.5253722357,103.348952343
0.249488654642,0.0937416432914,0.136370719673,-0.336211554425,-133.462913918,82.330917982,103.529820988
0.504851453019,0.090936587517,0.133857001899,-0.332220370353,-133.769984836,82.8870569235,103.446996723
0.160247035927,0.0948044631786,0.135913509587,-0.335652302366,-133.957926975,82.2660111172,103.361472965
0.111022112256,0.0939951897596,0.136728650996,-0.332380115273,-134.041368203,82.1941048374,103.694090854
0.341478288968,0.0924973208426,0.13324085684,-0.33642119153,-133.166352017,83.1203728249,103.6396097
0.133951097887,0.0956000369135,0.133885857772,-0.333387502555,-133.575693481,83.0181350835,103.597715884
0.112672113721,0.0939989560408,0.13538123918,-0.335433133598,-133.626890095,83.0545987525,103.489544511
0.139274383978,0.0928912990664,0.133712246288,-0.333395019107,-134.056462106,83.001692278,103.712523791
0.488124213657,0.0943448273403,0.134332071278,-0.334461624679,-133.882257235,82.7697332453,103.425155486
0.238615566326,0.0933215602471,0.133823427127,-0.335330217524,-133.481593025,82.4446019057,103.643414097
0.101457370665,0.0942339969607,0.133497307179,-0.333980450065,-133.601119614,82.9133656439,103.389926598
0.445211685459,0.0943804911923,0.134913425735,-0.335173187715,-133.541793223,82.7045577167,103.509451792
0.247168432868,0.0938888404212,0.1335568528,-0.334749816835,-133.588679609,82.9478760584,103.576500154
42.0736555668,0.0930114082,0.134730231123,-0.33425914641,-134.101712434,82.8324513771,103.339955843
0.961249611667,0.0919149766161,0.133559063563,-0.334828312947,-133.35339294,82.8799524495,103.911753271
0.501372828247,0.0946962197398,0.134336021886,-0.334586851364,-133.756418539,82.7345558802,103.794526949
0.115107240435,0.094017591701,0.13377744973,-0.334228009636,-134.040991781,83.1261102851,103.443311378
0.131561597614,0.0939039541162,0.134064193488,-0.333234125637,-134.359598387,82.7059565728,103.570516456
0.114255041021,0.0934154787085,0.135920136674,-0.333982422483,-134.02187868,82.5494986334,103.749561185
0.119752304125,0.0943201277853,0.134466439419,-0.335175206242,-133.981236153,83.2547918313,103.439790309
0.108076024298,0.0942947363805,0.134098307844,-0.334717931684,-133.741610583,82.7793150438,103.089385918
0.104120256206,0.0936148210948,0.134421483657,-0.332829628377,-133.877925813,83.0899788589,103.409919986
0.15596522113,0.0942179404749,0.136248052832,-0.336500791085,-133.528231709,82.6814510688,103.764841281
0.111091404364,0.0950262513778,0.132881519028,-0.335929111105,-133.643709229,82.4714355362,103.689291187
0.327913179133,0.0916611969286,0.135344408129,-0.336529287041,-133.478117542,82.7620661046,103.334451786
0.193187537418,0.0910508746649,0.133126912974,-0.33374695584,-133.660156202,82.8696865582,103.715711875
0.178669863987,0.0943003659699,0.133793205688,-0.335259607272,-133.965374776,83.1749040308,103.484339088
0.663848835257,0.0927774919639,0.135909213431,-0.331480780448,-133.922746652,82.8515825892,103.574819446
0.390713612549,0.0930408618768,0.135097684891,-0.336763200865,-133.277214368,82.8161124282,103.746350211
0.30155587663,0.0958296969906,0.134271129034,-0.336106161893,-134.103431329,83.105364634,103.115696356
0.172733178938,0.0921150068442,0.136720760484,-0.334849891824,-133.367519555,82.8603072615,103.804489054
0.121191645592,0.0940911515912,0.134374897639,-0.332129788056,-133.601730952,82.8045226509,103.268438789
0.17341990939,0.0937508843123,0.137825609081,-0.334724808061,-133.76710371,82.2801576348,103.256127428
0.631830047063,0.0923974519077,0.134947656113,-0.336811214256,-133.857927052,82.7059926432,103.966082188
0.458202997326,0.0929184282793,0.134664987585,-0.337291085767,-133.193084628,82.4599910362,103.347701141
0.190120001121,0.0949445129192,0.133583646248,-0.333780490436,-133.927997418,82.5466031196,104.000938418
0.137017907613,0.0924593591018,0.132189390558,-0.333704523307,-133.857201531,82.8502264447,103.562001353
0.47825069509,0.0922041646397,0.137264456286,-0.332773578151,-133.775208845,82.5692592119,103.745100468
0.262759859617,0.0950980620726,0.136455329032,-0.333463384622,-133.595905596,82.3665266812,103.501129251
0.215978753053,0.0926224658381,0.136669674242,-0.334199749444,-133.5774896,82.2901124879,103.28613681
0.453462435835,0.0916121718793,0.133634508449,-0.335930895436,-133.665895165,82.6069893707,103.772762935
4.08756049061,0.0921553151239,0.132777138379,-0.334748482427,-133.893043997,82.8094939029,103.503111451
0.104544059258,0.0916628901495,0.133220929518,-0.335381793424,-133.941583542,82.8132439021,103.84899913
0.286533508903,0.0952695429597,0.135074796503,-0.335899856029,-133.941645878,82.8905073013,103.868632471
0.110619464733,0.0926240362441,0.135595999804,-0.33632258722,-133.199880122,82.8920226978,103.736616346
0.120879877192,0.0923370746445,0.135024710221,-0.336192798256,-133.827575264,82.1456219039,103.494650473
0.192204433913,0.0910016621341,0.136689844518,-0.335819573783,-133.21457447,82.3535651228,103.812978824
0.238605659878,0.0933193336996,0.137900540822,-0.335122250337,-133.908878802,82.4648804562,103.127083051
0.376402989094,0.094109283473,0.132895577521,-0.333978834499,-133.523613375,83.1007599605,103.43717446
0.116594816993,0.0914911779762,0.136315947473,-0.333085763396,-133.715247253,82.3620659209,103.343639041
0.197377234381,0.0958953224839,0.133862359955,-0.334820502164,-134.010860212,82.8893501487,103.565859757
2.8998763512,0.0950876621588,0.136054060042,-0.336386670097,-134.064193197,83.0325565679,103.552796815
0.137918592504,0.093563403852,0.132698405144,-0.334838008861,-133.979266604,83.0719765035,103.344143982
0.133760434591,0.0932296543977,0.133101535025,-0.336124211305,-134.059024302,82.7178751678,103.948752983
0.100991783065,0.0931614867,0.136703888104,-0.335734843225,-133.522196634,82.2868826764,103.454532124
34.1087754069,0.0960192448646,0.135367791015,-0.333869349506,-133.696214728,82.832235085,103.86693384
0.214038979912,0.0934897675214,0.136329074595,-0.335847040686,-133.6752059,82.5026971107,103.805082373
0.101813505112,0.0956208619222,0.13418408201,-0.334705569221,-133.739935418,82.7459762725,103.212021227
0.166795705407,0.0949385206201,0.134765966159,-0.333595798774,-134.095979922,82.8693586819,102.994014452
0.101413935694,0.0935155727825,0.134833042751,-0.336437174559,-133.402990706,82.7179452216,104.087420826
0.114252019778,0.0934304829846,0.133831841206,-0.336625635499,-133.304594762,82.6611301681,103.658190555
0.10166611631,0.0934472007495,0.132234943176,-0.334801350758,-133.482395871,82.5670086435,103.541913911
0.670275118302,0.0947603502384,0.135164075043,-0.333373104634,-134.045491501,82.5271416133,103.368610348
0.236866408128,0.0929509116893,0.134370400728,-0.337127526619,-133.381051505,82.7401004597,103.090628601
0.116587189019,0.0932821875379,0.131494250383,-0.33321815782,-133.995906484,82.7330303862,103.470547825
0.102142639602,0.095296437484,0.135427589121,-0.335017330398,-134.139469339,82.7339356504,103.59564872
1.02595330929,0.0936034095066,0.133799841258,-0.336181144883,-133.522177911,82.8537012226,103.742603901
0.444387749143,0.0922437455884,0.131925013634,-0.335147406424,-133.866809753,82.5588493483,103.901660407
0.100369112566,0.0948004028558,0.131955032591,-0.333743713923,-134.047403227,83.3317473038,103.56462208
0.124695216335,0.0957465993233,0.133941704642,-0.334445734303,-133.707023803,82.9297958157,103.383119965
0.145430282277,0.0929490946211,0.137430241006,-0.333217141933,-134.059652218,82.1873220626,103.642176146
0.255815345399,0.0962841851534,0.134488763246,-0.335182317375,-134.101672177,82.7640394595,103.585552803
0.381792893008,0.0931980743704,0.132908747972,-0.336639098171,-133.686110393,82.6052502261,103.740697525
0.120737040129,0.0959202657537,0.132939105197,-0.333981763338,-133.947386389,83.4466116421,103.468687367
0.100820509817,0.0948091731915,0.134061446001,-0.337124566739,-133.344630897,82.5473385573,103.828336095
0.214486808138,0.0953113215668,0.134896087317,-0.335335425994,-133.741163151,82.4648491646,103.98987567
0.287911187733,0.0939726910771,0.133475909065,-0.335970374037,-133.228445369,82.5846940183,103.950066085
0.703356609068,0.0902518455192,0.13424150324,-0.33247376269,-133.935820642,82.6843261759,103.416431923
0.882667842636,0.0931525896629,0.137386296749,-0.333906458314,-133.480661913,82.7157652219,103.641299601
0.133685438702,0.0952891514172,0.13442976903,-0.335809956246,-133.581202965,82.7396765652,103.159874237
0.535287308218,0.0935080391506,0.133641956139,-0.337221783751,-133.580392012,83.1326387173,103.968422639
